[
	{
		"id": "1",
		"name": "Dan Shutts",
		"email_id": "danshutts@teleworm.us",
		"phone": "626-209-2472",
		"company_name": "Olympic Sports",
		"designation" : "UX Designer",
		"last_contact": "July 23, 2022 12:24PM",
		"lead_status" : "In Progress",
		"avatar_img": "../assets/images/avatar/avatar-1.jpg",
		"personal_info"	: "The most effective objective is one that is tailored to the job you are applying for. It states what kind of career you are seeking, and what skills and experiences you have that make you ideal for that career."
	},   
	{
		"id": "2",
		"name": "Terry Enciso",
		"email_id": "terry.e@dayrep.com",
		"phone": "804-283-3945",
		"company_name": "Zantigo",
		"designation" : "Full Stack Developer",
		"last_contact": "August 30, 2022 2:54PM",
		"lead_status" : "Rejected",
		"avatar_img": "../assets/images/avatar/avatar-2.jpg",
		"personal_info"	: "Pellentesque venenatis tincidunt quam, ac interdum leo. Donec non orci euismod, fermentum urna sit amet, interdum est. Aenean aliquam porta augue, in hendrerit felis semper ut."
	},
	{
		"id": "3",
		"name": "Florence Fossett",
		"email_id": "florence@teleworm.us",
		"phone": "410-840-4476",
		"company_name": "Signa Air",
		"designation" : "HR Management",
		"last_contact": "August 28, 2022 1:54PM",
		"lead_status" : "Complete",
		"avatar_img": "../assets/images/avatar/avatar-3.jpg",
		"personal_info"	: "Donec nisi sem, laoreet eget risus ut, condimentum vehicula arcu. Donec iaculis, tellus id semper efficitur, arcu erat varius urna, quis luctus lorem risus ut velit. Donec ac leo faucibus, mollis elit et"
	},
	{
		"id": "4",
		"name": "Mayra Giorgi",
		"email_id": "mayra.g@jourrapide.com",
		"phone": "660-635-7668",
		"company_name": "McMahan's Furniture",
		"designation" : "Front End Developer",
		"last_contact": "August 24, 2022 10:14AM",
		"lead_status" : "In Progress",
		"avatar_img": "../assets/images/avatar/avatar-4.jpg",
		"personal_info"	: "Mauris quis dui non eros vehicula ultricies nec eu enim. Nullam tortor nunc, cursus sit amet facilisis ac, tristique fringilla turpis. Mauris est odio, pharetra at blandit at, tempus tempor nisi."
	},
	{
		"id": "5",
		"name": "Crystal Tucker",
		"email_id": "crystal.t@teleworm.us",
		"phone": "225-315-8318",
		"company_name": "The Pink Pig Tavern",
		"designation" : "Software Engineer",
		"last_contact": "August 8, 2022 12:24PM",
		"lead_status" : "Rejected",
		"avatar_img": "../assets/images/avatar/avatar-5.jpg",
		"personal_info"	: "Lorem ipsum dolor sit amet, consectetur adipiscing elit. Duis eleifend erat dolor, ut fringilla elit iaculis et. Nullam imperdiet luctus nulla eget iaculis. In vel lacus eu nibh congue tincidunt."
	},
	{
		"id": "6",
		"name": "Lisa Morrison",
		"email_id": "lisa@rhyta.com",
		"phone": "774-563-7650",
		"company_name": "Leath Furniture",
		"designation" : "HR Management",
		"last_contact": "July 23, 2022 12:24PM",
		"lead_status" : "In Progress",
		"avatar_img": "../assets/images/avatar/avatar-6.jpg",
		"personal_info"	: "The most effective objective is one that is tailored to the job you are applying for. It states what kind of career you are seeking, and what skills and experiences you have that make you ideal for that career."
	},
	{
		"id": "7",
		"name": "George Torres",
		"email_id": "george@armyspy.com",
		"phone": "623-297-8168",
		"company_name": "Edge Garden Services",
		"designation" : "UX Designer",
		"last_contact": "July 23, 2022 12:24PM",
		"lead_status" : "Rejected",
		"avatar_img": "../assets/images/avatar/avatar-7.jpg",
		"personal_info"	: "Pellentesque venenatis tincidunt quam, ac interdum leo. Donec non orci euismod, fermentum urna sit amet, interdum est. Aenean aliquam porta augue, in hendrerit felis semper ut."		
	},
	{
		"id": "8",
		"name": "Douglas Guzman",
		"email_id": "douglas@teleworm.us",
		"phone": "949-487-9248",
		"company_name": "Realty Solution",
		"designation" : "Front End Developer",
		"last_contact": "July 23, 2022 12:24PM",
		"lead_status" : "In Progress",
		"avatar_img": "../assets/images/avatar/avatar-8.jpg",
		"personal_info"	: "Donec nisi sem, laoreet eget risus ut, condimentum vehicula arcu. Donec iaculis, tellus id semper efficitur, arcu erat varius urna, quis luctus lorem risus ut velit. Donec ac leo faucibus, mollis elit et"
	},
	{
		"id": "9",
		"name": "Jan Harmon",
		"email_id": "janr.h@dayrep.com",
		"phone": "910-352-3917",
		"company_name": "Olympic Sports",
		"designation" : "Full Stack Developer",
		"last_contact" : "July 23, 2022 12:24PM",
		"lead_status" : "Rejected",
		"avatar_img": "../assets/images/avatar/avatar-9.jpg",
		"personal_info"	: "In consectetur magna sit amet orci molestie ornare. Nulla scelerisque vitae justo ornare maximus. Morbi mattis auctor tortor eget mollis. Ut efficitur vehicula dui ut auctor. Praesent dignissim convallis nulla a scelerisque. "	
	},
	{
		"id": "10",
		"name": "Herbert Stokes",
		"email_id": "herbert@dashuipro.com",
		"phone": "740-320-9874",
		"company_name": "Dash UI",
		"designation" : "UX Designer",
		"last_contact": "July 23, 2022 12:24PM",
		"lead_status" : "Complete",
		"avatar_img": "../assets/images/avatar/avatar-3.jpg",
		"personal_info"	: "Mauris quis dui non eros vehicula ultricies nec eu enim. Nullam tortor nunc, cursus sit amet facilisis ac, tristique fringilla turpis. Mauris est odio, pharetra at blandit at, tempus tempor nisi."		
	},

	{
		"id": "11",
		"name": "Dan Shutts",
		"email_id": "danshutts@teleworm.us",
		"phone": "626-209-2472",
		"company_name": "Olympic Sports",
		"designation" : "Software Engineer",
		"last_contact": "July 23, 2022 12:24PM",
		"lead_status" : "In Progress",
		"avatar_img": "../assets/images/avatar/avatar-1.jpg",
		"personal_info"	: "Lorem ipsum dolor sit amet, consectetur adipiscing elit. Duis eleifend erat dolor, ut fringilla elit iaculis et. Nullam imperdiet luctus nulla eget iaculis. In vel lacus eu nibh congue tincidunt."		
	},   
	{
		"id": "12",
		"name": "Terry Enciso",
		"email_id": "terry.e@dayrep.com",
		"phone": "804-283-3945",
		"company_name": "Zantigo",
		"designation" : "HR Management",
		"last_contact": "August 30, 2022 2:54PM",
		"lead_status" : "Rejected",
		"avatar_img": "../assets/images/avatar/avatar-2.jpg",
		"personal_info"	: "The most effective objective is one that is tailored to the job you are applying for. It states what kind of career you are seeking, and what skills and experiences you have that make you ideal for that career."
	},
	{
		"id": "13",
		"name": "Florence Fossett",
		"email_id": "florence@teleworm.us",
		"phone": "410-840-4476",
		"company_name": "Signa Air",
		"designation" : "Full Stack Developer",
		"last_contact": "August 28, 2022 1:54PM",
		"lead_status" : "Rejected",
		"avatar_img": "../assets/images/avatar/avatar-3.jpg",
		"personal_info"	: "Pellentesque venenatis tincidunt quam, ac interdum leo. Donec non orci euismod, fermentum urna sit amet, interdum est. Aenean aliquam porta augue, in hendrerit felis semper ut."
	},
	{
		"id": "14",
		"name": "Mayra Giorgi",
		"email_id": "mayra.g@jourrapide.com",
		"phone": "660-635-7668",
		"company_name": "McMahan's Furniture",
		"designation" : "UX Designer",
		"last_contact": "August 24, 2022 10:14AM",
		"lead_status" : "In Progress",
		"avatar_img": "../assets/images/avatar/avatar-4.jpg",
		"personal_info"	: "Donec nisi sem, laoreet eget risus ut, condimentum vehicula arcu. Donec iaculis, tellus id semper efficitur, arcu erat varius urna, quis luctus lorem risus ut velit. Donec ac leo faucibus, mollis elit et"
	},
	{
		"id": "15",
		"name": "Crystal Tucker",
		"email_id": "crystal.t@teleworm.us",
		"phone": "225-315-8318",
		"company_name": "The Pink Pig Tavern",
		"designation" : "Front End Developer",
		"last_contact": "August 8, 2022 12:24PM",
		"lead_status" : "In Progress",
		"avatar_img": "../assets/images/avatar/avatar-5.jpg",
		"personal_info"	: "Sed et libero sollicitudin justo sagittis tempus. Etiam pretium vehicula egestas. Nunc lobortis tellus sit amet velit ullamcorper rhoncus. In egestas odio sed posuere rhoncus."
	},
	{
		"id": "16",
		"name": "Lisa Morrison",
		"email_id": "lisa@rhyta.com",
		"phone": "774-563-7650",
		"company_name": "Leath Furniture",
		"designation" : "Software Engineer",
		"last_contact": "July 23, 2022 12:24PM",
		"lead_status" : "Complete",
		"avatar_img": "../assets/images/avatar/avatar-6.jpg",
		"personal_info"	: "In consectetur magna sit amet orci molestie ornare. Nulla scelerisque vitae justo ornare maximus. Morbi mattis auctor tortor eget mollis. Ut efficitur vehicula dui ut auctor. Praesent dignissim convallis nulla a scelerisque. "
	},
	{
		"id": "17",
		"name": "George Torres",
		"email_id": "george@armyspy.com",
		"phone": "623-297-8168",
		"company_name": "Edge Garden Services",
		"designation" : "Full Stack Developer",
		"last_contact": "July 23, 2022 12:24PM",
		"lead_status" : "In Progress",
		"avatar_img": "../assets/images/avatar/avatar-7.jpg",
		"personal_info"	: "Mauris quis dui non eros vehicula ultricies nec eu enim. Nullam tortor nunc, cursus sit amet facilisis ac, tristique fringilla turpis. Mauris est odio, pharetra at blandit at, tempus tempor nisi."		
	},
	{
		"id": "18",
		"name": "Douglas Guzman",
		"email_id": "douglas@teleworm.us",
		"phone": "949-487-9248",
		"company_name": "Realty Solution",
		"designation" : "HR Management",
		"last_contact": "July 23, 2022 12:24PM",
		"lead_status" : "Rejected",
		"avatar_img": "../assets/images/avatar/avatar-8.jpg",
		"personal_info"	: "Pellentesque venenatis tincidunt quam, ac interdum leo. Donec non orci euismod, fermentum urna sit amet, interdum est. Aenean aliquam porta augue, in hendrerit felis semper ut."
	},
	{
		"id": "19",
		"name": "Jan Harmon",
		"email_id": "janr.h@dayrep.com",
		"phone": "910-352-3917",
		"company_name": "Olympic Sports",
		"designation" : "UX Designer",
		"last_contact" : "July 23, 2022 12:24PM",
		"lead_status" : "In Progress",
		"avatar_img": "../assets/images/avatar/avatar-9.jpg",
		"personal_info"	: "Lorem ipsum dolor sit amet, consectetur adipiscing elit. Duis eleifend erat dolor, ut fringilla elit iaculis et. Nullam imperdiet luctus nulla eget iaculis. In vel lacus eu nibh congue tincidunt."	
	},
	{
		"id": "20",
		"name": "Herbert Stokes",
		"email_id": "herbert@dashuipro.com",
		"phone": "740-320-9874",
		"company_name": "Dash UI",
		"designation" : "Software Engineer",
		"last_contact": "July 23, 2022 12:24PM",
		"lead_status" : "Complete",
		"avatar_img": "../assets/images/avatar/avatar-3.jpg"	,
		"personal_info"	: "The most effective objective is one that is tailored to the job you are applying for. It states what kind of career you are seeking, and what skills and experiences you have that make you ideal for that career."
	}
]

